Date,Region,Department,Expected_Cost,Delay_Days,Revenue,Employee_Count,Actual_Cost,Cost_Variance,Profit_Margin,Efficiency_Pct
1/1/2023,North,HR,25829,7,77149,38,31310.92,5481.92,45838.08,59.4
1/2/2023,North,Procurement,33903,0,20869,41,39822.51,5919.51,-18953.51,-90.8
1/3/2023,North,Logistics,46089,0,100360,188,52559.23,6470.23,47800.77,47.6
1/4/2023,North,Logistics,33441,3,62998,11,39139.36,5698.36,23858.64,37.9
1/5/2023,Central,Logistics,9798,5,102289,191,11142.88,1344.88,91146.12,89.1
1/6/2023,East,Logistics,20901,1,90305,156,20721.65,-179.35,69583.35,77.1
1/7/2023,South,Operations,14110,1,105132,38,12612.66,-1497.34,92519.34,88
1/8/2023,West,Logistics,35523,0,52430,65,36300.16,777.16,16129.84,30.8
1/9/2023,West,IT,11721,0,92525,55,10490.05,-1230.95,82034.95,88.7
1/10/2023,West,Logistics,32598,1,40700,40,34864.46,2266.46,5835.54,14.3
1/11/2023,East,Operations,11563,0,69067,48,10492.96,-1070.04,58574.04,84.8
1/12/2023,West,IT,17178,2,63361,158,16473.89,-704.11,46887.11,74
1/13/2023,North,Procurement,36910,0,31108,193,42850.27,5940.27,-11742.27,-37.7
1/14/2023,East,Logistics,33270,1,102214,112,32863.82,-406.18,69350.18,67.8
1/15/2023,North,Operations,46674,0,108056,103,54660.35,7986.35,53395.65,49.4
1/16/2023,North,IT,27612,1,109390,155,32572.83,4960.83,76817.17,70.2
1/17/2023,West,IT,23752,3,105842,43,24116.74,364.74,81725.26,77.2
1/18/2023,North,Operations,37581,1,56176,164,43141.5,5560.5,13034.5,23.2
1/19/2023,North,IT,31984,2,88323,124,37608.04,5624.04,50714.96,57.4
1/20/2023,Central,IT,38537,5,114019,49,37126.89,-1410.11,76892.11,67.4
1/21/2023,South,HR,48950,1,25103,108,48171.08,-778.92,-23068.08,-91.9
1/22/2023,North,Logistics,44071,1,30751,112,50986.05,6915.05,-20235.05,-65.8
1/23/2023,West,HR,48790,2,62351,70,49242.36,452.36,13108.64,21
1/24/2023,Central,HR,8041,2,22100,70,8342.96,301.96,13757.04,62.2
1/25/2023,North,Procurement,49912,0,40022,196,59469.3,9557.3,-19447.3,-48.6
1/26/2023,Central,Procurement,22625,7,97603,46,24274.72,1649.72,73328.28,75.1
1/27/2023,West,Procurement,15699,5,87391,140,16159.58,460.58,71231.42,81.5
1/28/2023,North,Operations,33380,0,88498,68,41503.61,8123.61,46994.39,53.1
1/29/2023,East,Operations,30611,7,23642,173,30756.88,145.88,-7114.88,-30.1
1/30/2023,West,HR,26116,3,66169,62,27978.29,1862.29,38190.71,57.7
1/31/2023,East,IT,11368,0,53002,142,10035.36,-1332.64,42966.64,81.1
2/1/2023,Central,Operations,22650,2,113574,131,23104.13,454.13,90469.87,79.7
2/2/2023,South,Logistics,26223,5,89212,183,27608.03,1385.03,61603.97,69.1
2/3/2023,South,HR,18612,2,101029,179,18302.08,-309.92,82726.92,81.9
2/4/2023,North,IT,43098,2,116007,81,48882.1,5784.1,67124.9,57.9
2/5/2023,Central,Logistics,42605,1,104381,78,41405.98,-1199.02,62975.02,60.3
2/6/2023,North,Logistics,12373,0,20887,199,14193.66,1820.66,6693.34,32
2/7/2023,West,Logistics,27641,1,24986,49,27137.1,-503.9,-2151.1,-8.6
2/8/2023,South,IT,36007,14,115102,45,34748.12,-1258.88,80353.88,69.8
2/9/2023,East,IT,21369,0,77134,122,21217.67,-151.33,55916.33,72.5
2/10/2023,Central,Operations,33602,0,25039,121,35512.9,1910.9,-10473.9,-41.8
2/11/2023,East,Logistics,45287,3,42601,85,49087.6,3800.6,-6486.6,-15.2
2/12/2023,North,Operations,43360,1,46536,88,50238.66,6878.66,-3702.66,-8
2/13/2023,Central,Logistics,36324,3,54540,172,38263.49,1939.49,16276.51,29.8
2/14/2023,East,IT,44030,0,61316,139,46803.9,2773.9,14512.1,23.7
2/15/2023,West,HR,12446,0,65814,107,11083.98,-1362.02,54730.02,83.2
2/16/2023,East,Procurement,14435,1,46564,162,14963.95,528.95,31600.05,67.9
2/17/2023,Central,IT,38361,3,114851,32,39243.26,882.26,75607.74,65.8
2/18/2023,West,Operations,21669,3,76184,59,20315.94,-1353.06,55868.06,73.3
2/19/2023,South,HR,41877,0,75243,27,37946.57,-3930.43,37296.43,49.6
2/20/2023,Central,Logistics,16695,1,84425,184,17675.59,980.59,66749.41,79.1
2/21/2023,South,Operations,35659,7,47413,53,33578.78,-2080.22,13834.22,29.2
2/22/2023,Central,Procurement,30431,1,73053,152,31220.97,789.97,41832.03,57.3
2/23/2023,South,Operations,33495,0,79722,136,30047.71,-3447.29,49674.29,62.3
2/24/2023,South,Operations,21309,1,47606,177,22530.01,1221.01,25075.99,52.7
2/25/2023,East,IT,28040,1,116258,125,27709.39,-330.61,88548.61,76.2
2/26/2023,West,Logistics,20577,7,101051,20,20908.49,331.49,80142.51,79.3
2/27/2023,West,Operations,45747,1,86899,54,43454.22,-2292.78,43444.78,50
2/28/2023,South,Operations,10978,7,111470,158,12163.32,1185.32,99306.68,89.1
3/1/2023,West,IT,40993,0,45711,129,39548.16,-1444.84,6162.84,13.5
3/2/2023,West,Logistics,31788,7,113344,29,33948.03,2160.03,79395.97,70
3/3/2023,North,Logistics,9033,0,45242,71,11000.58,1967.58,34241.42,75.7
3/4/2023,South,IT,11172,2,110480,112,10632.64,-539.36,99847.36,90.4
3/5/2023,East,HR,35015,3,115690,93,35593.17,578.17,80096.83,69.2
3/6/2023,West,Logistics,30364,0,80128,180,29149.34,-1214.66,50978.66,63.6
3/7/2023,West,HR,25581,3,38135,65,23881.51,-1699.49,14253.49,37.4
3/8/2023,Central,Procurement,22773,2,71168,44,22296.08,-476.92,48871.92,68.7
3/9/2023,South,Operations,8762,2,67377,30,9075.35,313.35,58301.65,86.5
3/10/2023,West,Logistics,32117,2,97801,169,29631,-2486,68170,69.7
3/11/2023,North,HR,5281,2,109080,105,6367.3,1086.3,102712.7,94.2
3/12/2023,Central,Procurement,6058,5,83064,71,6802.35,744.35,76261.65,91.8
3/13/2023,South,IT,33044,5,55529,193,31715.9,-1328.1,23813.1,42.9
3/14/2023,Central,Logistics,7356,1,71955,56,7127.68,-228.32,64827.32,90.1
3/15/2023,West,Operations,17115,5,96253,101,16785.31,-329.69,79467.69,82.6
3/16/2023,North,Procurement,38768,0,72160,32,44395.04,5627.04,27764.96,38.5
3/17/2023,North,Procurement,42650,0,82433,161,49022.57,6372.57,33410.43,40.5
3/18/2023,North,HR,13595,1,65671,138,15525.26,1930.26,50145.74,76.4
3/19/2023,Central,Logistics,9790,5,81240,136,10695.04,905.04,70544.96,86.8
3/20/2023,West,Logistics,28398,0,119977,48,25863.67,-2534.33,94113.33,78.4
3/21/2023,South,Procurement,38397,1,84805,155,34965.77,-3431.23,49839.23,58.8
3/22/2023,West,Operations,14866,5,30103,194,13966.03,-899.97,16136.97,53.6
3/23/2023,West,Procurement,31723,0,66473,140,33303.43,1580.43,33169.57,49.9
3/24/2023,East,IT,34856,2,86155,70,37498.99,2642.99,48656.01,56.5
3/25/2023,East,IT,41059,1,39702,155,44104.11,3045.11,-4402.11,-11.1
3/26/2023,Central,Logistics,9703,5,53870,166,10648.76,945.76,43221.24,80.2
3/27/2023,South,Logistics,8716,5,22994,186,9286.61,570.61,13707.39,59.6
3/28/2023,West,HR,12179,2,64724,42,12311.72,132.72,52412.28,81
3/29/2023,South,Operations,32935,1,33261,61,31636.35,-1298.65,1624.65,4.9
3/30/2023,East,IT,36010,1,26614,94,31968.95,-4041.05,-5354.95,-20.1
3/31/2023,Central,IT,31200,3,32602,145,29827.17,-1372.83,2774.83,8.5
4/1/2023,East,Procurement,22658,5,79234,71,23524.88,866.88,55709.12,70.3
4/2/2023,Central,HR,46732,0,109160,116,43030.78,-3701.22,66129.22,60.6
4/3/2023,West,HR,45957,1,118134,170,42376.37,-3580.63,75757.63,64.1
4/4/2023,Central,HR,46974,0,102190,196,44927.09,-2046.91,57262.91,56
4/5/2023,Central,Logistics,40433,7,93155,133,37900.91,-2532.09,55254.09,59.3
4/6/2023,Central,Procurement,30476,3,102736,93,32121.36,1645.36,70614.64,68.7
4/7/2023,East,HR,21082,1,40963,161,20145.07,-936.93,20817.93,50.8
4/8/2023,West,IT,5956,1,31308,107,6192.93,236.93,25115.07,80.2
4/9/2023,East,IT,43595,3,27674,161,42154.5,-1440.5,-14480.5,-52.3
4/10/2023,Central,Logistics,19291,2,45398,67,19245.15,-45.85,26152.85,57.6
4/11/2023,Central,Logistics,41451,1,36589,181,40309.27,-1141.73,-3720.27,-10.2
4/12/2023,West,Procurement,39414,5,52983,102,42211.83,2797.83,10771.17,20.3
4/13/2023,East,Operations,38069,0,84450,57,35652,-2417,48798,57.8
4/14/2023,North,Operations,39594,0,92827,91,49186.26,9592.26,43640.74,47
4/15/2023,Central,Procurement,43218,0,35417,93,45890.62,2672.62,-10473.62,-29.6
4/16/2023,West,Procurement,23052,2,63326,84,24552.31,1500.31,38773.69,61.2
4/17/2023,Central,Procurement,44933,1,38452,37,48356.73,3423.73,-9904.73,-25.8
4/18/2023,Central,Procurement,11295,3,43064,191,12588.63,1293.63,30475.37,70.8
4/19/2023,West,HR,42380,1,28155,198,38286.72,-4093.28,-10131.72,-36
4/20/2023,West,IT,18629,1,32828,38,17416.05,-1212.95,15411.95,46.9
4/21/2023,Central,IT,36860,0,41607,97,34860.88,-1999.12,6746.12,16.2
4/22/2023,Central,HR,17329,3,73747,35,17398.57,69.57,56348.43,76.4
4/23/2023,South,Procurement,14074,0,50949,143,14307.95,233.95,36641.05,71.9
4/24/2023,Central,Procurement,41378,0,104444,192,39239.93,-2138.07,65204.07,62.4
4/25/2023,Central,HR,8712,0,44729,110,9094.67,382.67,35634.33,79.7
4/26/2023,North,Procurement,8374,0,64814,104,10016.36,1642.36,54797.64,84.5
4/27/2023,Central,HR,23743,5,54148,162,22217.85,-1525.15,31930.15,59
4/28/2023,Central,IT,17289,0,108691,147,16307.34,-981.66,92383.66,85
4/29/2023,Central,IT,16171,5,81215,58,15628.37,-542.63,65586.63,80.8
4/30/2023,South,Operations,13325,3,39581,97,13484.66,159.66,26096.34,65.9
5/1/2023,South,HR,39839,5,82522,150,43254.91,3415.91,39267.09,47.6
5/2/2023,Central,Operations,15736,0,51781,92,16764.84,1028.84,35016.16,67.6
5/3/2023,South,Logistics,40262,2,82875,22,38011.3,-2250.7,44863.7,54.1
5/4/2023,Central,IT,28563,1,114776,124,27364.44,-1198.56,87411.56,76.2
5/5/2023,South,Logistics,22633,1,38375,80,23610.5,977.5,14764.5,38.5
5/6/2023,South,Logistics,49976,0,63884,92,44536.02,-5439.98,19347.98,30.3
5/7/2023,South,HR,7472,5,33689,38,8225.24,753.24,25463.76,75.6
5/8/2023,West,Procurement,10249,5,61520,190,11333.8,1084.8,50186.2,81.6
5/9/2023,East,HR,29817,2,82943,103,29432.24,-384.76,53510.76,64.5
5/10/2023,East,Logistics,11610,1,79778,86,12559.72,949.72,67218.28,84.3
5/11/2023,North,HR,17275,0,88814,52,19362.52,2087.52,69451.48,78.2
5/12/2023,West,IT,20360,1,107178,167,18001.85,-2358.15,89176.15,83.2
5/13/2023,Central,Procurement,9470,2,113783,30,10519.85,1049.85,103263.15,90.8
5/14/2023,South,IT,11276,2,63309,194,11322.73,46.73,51986.27,82.1
5/15/2023,East,Operations,19056,2,110009,17,18597.83,-458.17,91411.17,83.1
5/16/2023,West,Logistics,44748,5,78627,133,46673,1925,31954,40.6
5/17/2023,North,Operations,28857,0,88431,71,32635.44,3778.44,55795.56,63.1
5/18/2023,North,IT,49662,0,89561,176,60907.28,11245.28,28653.72,32
5/19/2023,West,IT,8631,10,30278,39,10333.06,1702.06,19944.94,65.9
5/20/2023,West,IT,43850,5,56609,48,41643.29,-2206.71,14965.71,26.4
5/21/2023,North,Operations,11570,7,90902,108,13606.59,2036.59,77295.41,85
5/22/2023,East,Operations,32213,0,89087,128,29548.47,-2664.53,59538.53,66.8
5/23/2023,West,IT,31122,0,94704,121,29609.36,-1512.64,65094.64,68.7
5/24/2023,North,Operations,16871,0,74845,154,20712.95,3841.95,54132.05,72.3
5/25/2023,South,HR,47368,2,58578,37,50263.54,2895.54,8314.46,14.2
5/26/2023,West,Operations,43525,10,83069,143,44264.37,739.37,38804.63,46.7
5/27/2023,West,Procurement,28429,1,95277,190,27609.57,-819.43,67667.43,71
5/28/2023,South,Logistics,40298,1,65270,115,37697.4,-2600.6,27572.6,42.2
5/29/2023,West,Operations,21653,0,64605,188,19101.04,-2551.96,45503.96,70.4
5/30/2023,South,HR,31160,1,22708,73,29883.6,-1276.4,-7175.6,-31.6
5/31/2023,South,IT,36055,2,110563,96,38021.73,1966.73,72541.27,65.6
6/1/2023,Central,Operations,36750,1,112036,129,39617.47,2867.47,72418.53,64.6
6/2/2023,South,Operations,29819,1,31254,134,29317.66,-501.34,1936.34,6.2
6/3/2023,Central,Operations,18076,5,35523,168,18044.73,-31.27,17478.27,49.2
6/4/2023,South,Operations,42957,1,85942,17,39307.03,-3649.97,46634.97,54.3
6/5/2023,West,Logistics,35027,5,48151,166,36766.13,1739.13,11384.87,23.6
6/6/2023,West,HR,32425,1,41869,158,32501.72,76.72,9367.28,22.4
6/7/2023,Central,HR,34301,2,108791,80,31305.39,-2995.61,77485.61,71.2
6/8/2023,East,HR,30619,0,96221,116,28195.46,-2423.54,68025.54,70.7
6/9/2023,South,Operations,29282,0,21813,40,25891.2,-3390.8,-4078.2,-18.7
6/10/2023,West,Operations,34921,3,99052,15,31326.01,-3594.99,67725.99,68.4
6/11/2023,East,IT,12788,0,46149,146,12537.22,-250.78,33611.78,72.8
6/12/2023,West,IT,9437,2,31889,58,10334.55,897.55,21554.45,67.6
6/13/2023,East,HR,9114,1,95731,31,9722.4,608.4,86008.6,89.8
6/14/2023,East,Logistics,38997,7,45372,162,35894.21,-3102.79,9477.79,20.9
6/15/2023,South,Operations,14200,0,119186,57,13718.72,-481.28,105467.28,88.5
6/16/2023,East,IT,22630,3,112708,94,21368.19,-1261.81,91339.81,81
6/17/2023,East,HR,22824,3,104700,14,23339.03,515.03,81360.97,77.7
6/18/2023,South,Logistics,32961,1,40307,160,35273.31,2312.31,5033.69,12.5
6/19/2023,West,Logistics,15793,3,30728,75,15683.99,-109.01,15044.01,49
6/20/2023,North,IT,48668,2,61243,61,57101.94,8433.94,4141.06,6.8
6/21/2023,East,Operations,46323,3,104892,67,46108.2,-214.8,58783.8,56
6/22/2023,East,Logistics,22727,2,107599,127,23604.43,877.43,83994.57,78.1
6/23/2023,Central,HR,19484,2,41644,183,17693.31,-1790.69,23950.69,57.5
6/24/2023,West,Operations,23440,0,28016,178,20857.95,-2582.05,7158.05,25.5
6/25/2023,Central,HR,30766,0,115319,191,28341.52,-2424.48,86977.48,75.4
6/26/2023,Central,Operations,34165,1,73521,164,30781.56,-3383.44,42739.44,58.1
6/27/2023,South,IT,44778,2,42626,65,42030.13,-2747.87,595.87,1.4
6/28/2023,South,HR,27443,0,22871,187,26221.04,-1221.96,-3350.04,-14.6
6/29/2023,South,Procurement,5145,3,105731,98,5565.92,420.92,100165.08,94.7
6/30/2023,North,Procurement,28197,3,91569,62,32016.39,3819.39,59552.61,65
7/1/2023,North,Operations,25337,1,51279,69,30681.57,5344.57,20597.43,40.2
7/2/2023,East,Operations,10704,3,112764,47,10139.13,-564.87,102624.87,91
7/3/2023,West,Procurement,17677,1,45917,90,17875.89,198.89,28041.11,61.1
7/4/2023,South,Procurement,13906,10,65095,44,14865.13,959.13,50229.87,77.2
7/5/2023,North,Logistics,19996,0,65046,113,23440.58,3444.58,41605.42,64
7/6/2023,East,IT,45108,5,71913,27,41430.73,-3677.27,30482.27,42.4
7/7/2023,North,Procurement,13080,5,93788,177,16575.58,3495.58,77212.42,82.3
7/8/2023,West,Procurement,47652,0,81250,195,50355.62,2703.62,30894.38,38
7/9/2023,South,Procurement,25669,5,69831,186,28329.93,2660.93,41501.07,59.4
7/10/2023,South,IT,15526,2,95225,17,14376.76,-1149.24,80848.24,84.9
7/11/2023,South,IT,28953,0,117493,193,26257.09,-2695.91,91235.91,77.7
7/12/2023,Central,HR,49555,2,71374,135,48976.38,-578.62,22397.62,31.4
7/13/2023,West,IT,40057,0,54064,67,38253.03,-1803.97,15810.97,29.2
7/14/2023,South,HR,23073,0,111649,102,20696.33,-2376.67,90952.67,81.5
7/15/2023,Central,IT,43520,2,80957,155,42552.6,-967.4,38404.4,47.4
7/16/2023,North,HR,40946,2,20492,86,47474.57,6528.57,-26982.57,-131.7
7/17/2023,North,HR,16916,0,75312,115,19555.22,2639.22,55756.78,74
7/18/2023,West,Operations,16653,2,64864,121,17022.07,369.07,47841.93,73.8
7/19/2023,South,HR,31745,3,40447,147,32940.25,1195.25,7506.75,18.6
7/20/2023,South,Operations,12394,5,22426,81,13821.88,1427.88,8604.12,38.4
7/21/2023,East,HR,41224,2,86897,61,39936.52,-1287.48,46960.48,54
7/22/2023,Central,Logistics,23268,2,82120,41,22992.55,-275.45,59127.45,72
7/23/2023,North,HR,29596,0,51555,122,35740.1,6144.1,15814.9,30.7
7/24/2023,Central,Procurement,17803,2,110306,171,17243.4,-559.6,93062.6,84.4
7/25/2023,South,Logistics,9531,2,102522,145,10395.82,864.82,92126.18,89.9
7/26/2023,North,Procurement,5163,0,32905,179,5848.34,685.34,27056.66,82.2
7/27/2023,East,Logistics,13264,10,86960,40,13903.12,639.12,73056.88,84
7/28/2023,East,Operations,44443,1,112769,57,43814.01,-628.99,68954.99,61.1
7/29/2023,North,IT,17003,1,31908,80,20736.23,3733.23,11171.77,35
7/30/2023,North,Logistics,34426,1,69429,67,41598.69,7172.69,27830.31,40.1
7/31/2023,North,Procurement,31916,0,27006,63,38284.46,6368.46,-11278.46,-41.8
8/1/2023,East,Operations,41487,0,83227,68,39307.53,-2179.47,43919.47,52.8
8/2/2023,West,HR,18994,14,64254,45,21738.08,2744.08,42515.92,66.2
8/3/2023,North,HR,17258,1,76704,114,19917.43,2659.43,56786.57,74
8/4/2023,East,HR,20525,14,30293,67,20936.97,411.97,9356.03,30.9
8/5/2023,Central,Logistics,12099,10,47586,125,12889.11,790.11,34696.89,72.9
8/6/2023,North,Procurement,15634,3,90821,90,19227.6,3593.6,71593.4,78.8
8/7/2023,West,Logistics,40133,7,53840,129,42759.72,2626.72,11080.28,20.6
8/8/2023,East,HR,36497,2,61167,80,36452.24,-44.76,24714.76,40.4
8/9/2023,South,Operations,6969,0,41542,154,6146.53,-822.47,35395.47,85.2
8/10/2023,North,IT,13234,1,113330,118,15276.59,2042.59,98053.41,86.5
8/11/2023,Central,Procurement,45194,1,55060,193,45269.35,75.35,9790.65,17.8
8/12/2023,East,Logistics,11924,3,48482,138,12504.76,580.76,35977.24,74.2
8/13/2023,East,IT,42285,5,114767,62,43358.02,1073.02,71408.98,62.2
8/14/2023,East,Procurement,16023,1,119303,93,16672.91,649.91,102630.09,86
8/15/2023,Central,Procurement,30169,2,57327,95,28793.95,-1375.05,28533.05,49.8
8/16/2023,West,Operations,29089,0,38601,113,30362.34,1273.34,8238.66,21.3
8/17/2023,North,IT,29489,0,81240,29,33697.2,4208.2,47542.8,58.5
8/18/2023,Central,Procurement,10782,1,72815,81,10895.7,113.7,61919.3,85
8/19/2023,North,HR,35620,0,86395,196,41663.94,6043.94,44731.06,51.8
8/20/2023,South,Logistics,26288,1,97403,143,28351.71,2063.71,69051.29,70.9
8/21/2023,West,HR,11406,5,42547,86,12733.42,1327.42,29813.58,70.1
8/22/2023,West,IT,37003,7,81842,104,39532.76,2529.76,42309.24,51.7
8/23/2023,North,HR,17595,2,76746,195,22023.24,4428.24,54722.76,71.3
8/24/2023,South,HR,48585,7,46423,22,52891.33,4306.33,-6468.33,-13.9
8/25/2023,West,IT,18467,1,47056,12,18966.18,499.18,28089.82,59.7
8/26/2023,South,Procurement,38174,7,83353,44,40998.7,2824.7,42354.3,50.8
8/27/2023,East,Procurement,39905,7,57044,70,39397.56,-507.44,17646.44,30.9
8/28/2023,North,Procurement,6239,1,114826,110,7462.9,1223.9,107363.1,93.5
8/29/2023,North,Logistics,27740,0,21920,159,33109.98,5369.98,-11189.98,-51
8/30/2023,Central,Logistics,47533,3,28024,148,51393.79,3860.79,-23369.79,-83.4
8/31/2023,South,HR,9481,7,119575,68,10144.19,663.19,109430.81,91.5
9/1/2023,East,IT,11979,1,24458,187,11058.44,-920.56,13399.56,54.8
9/2/2023,West,Operations,44499,2,75621,131,44933.25,434.25,30687.75,40.6
9/3/2023,East,Logistics,44532,0,40583,35,39196.56,-5335.44,1386.44,3.4
9/4/2023,Central,Procurement,25733,1,34256,49,26659.26,926.26,7596.74,22.2
9/5/2023,West,HR,6742,1,33979,49,7112.03,370.03,26866.97,79.1
9/6/2023,West,Operations,41321,1,102612,83,37846.8,-3474.2,64765.2,63.1
9/7/2023,Central,HR,16563,7,59464,100,18603.08,2040.08,40860.92,68.7
9/8/2023,North,IT,6925,2,62965,159,8524.95,1599.95,54440.05,86.5
9/9/2023,West,HR,27614,0,87087,137,28120.55,506.55,58966.45,67.7
9/10/2023,Central,HR,47676,3,101982,92,49072.19,1396.19,52909.81,51.9
9/11/2023,West,Logistics,33937,5,105024,177,31875.93,-2061.07,73148.07,69.6
9/12/2023,West,Logistics,22778,0,102152,58,23132.08,354.08,79019.92,77.4
9/13/2023,Central,Procurement,14686,0,38287,82,15478.02,792.02,22808.98,59.6
9/14/2023,Central,IT,40631,7,65607,84,43045.31,2414.31,22561.69,34.4
9/15/2023,South,Operations,40757,1,86668,166,38857.33,-1899.67,47810.67,55.2
9/16/2023,West,IT,46779,7,101730,86,43647.19,-3131.81,58082.81,57.1
9/17/2023,East,Operations,27473,0,56777,63,24214.6,-3258.4,32562.4,57.4
9/18/2023,East,Procurement,32424,1,100098,45,32855.13,431.13,67242.87,67.2
9/19/2023,West,Logistics,15617,1,77649,198,14703.08,-913.92,62945.92,81.1
9/20/2023,West,HR,10901,10,97789,121,11194.14,293.14,86594.86,88.6
9/21/2023,North,Operations,12421,0,47128,52,14742.24,2321.24,32385.76,68.7
9/22/2023,East,HR,37419,3,64769,148,35136.44,-2282.56,29632.56,45.8
9/23/2023,West,Logistics,30683,0,44087,136,31142.59,459.59,12944.41,29.4
9/24/2023,Central,Operations,38297,1,27659,71,35089.79,-3207.21,-7430.79,-26.9
9/25/2023,East,IT,34794,7,80710,71,38211.9,3417.9,42498.1,52.7
9/26/2023,Central,Operations,27668,7,40466,59,26880.14,-787.86,13585.86,33.6
9/27/2023,South,IT,33758,1,111785,66,36468.3,2710.3,75316.7,67.4
9/28/2023,South,Logistics,20997,5,69393,138,19636.12,-1360.88,49756.88,71.7
9/29/2023,Central,Procurement,11894,0,36673,108,11282.48,-611.52,25390.52,69.2
9/30/2023,Central,Procurement,36367,3,39456,159,38384.75,2017.75,1071.25,2.7
10/1/2023,North,IT,28888,0,111829,169,35657.85,6769.85,76171.15,68.1
10/2/2023,South,Operations,47435,2,73459,148,43880.01,-3554.99,29578.99,40.3
10/3/2023,North,IT,15181,1,53487,135,17220.61,2039.61,36266.39,67.8
10/4/2023,South,IT,21905,0,108835,156,22669.42,764.42,86165.58,79.2
10/5/2023,West,Operations,33211,3,30775,109,35115.02,1904.02,-4340.02,-14.1
10/6/2023,Central,Operations,8654,0,110811,70,7625.99,-1028.01,103185.01,93.1
10/7/2023,North,Procurement,13734,1,30561,24,17253.14,3519.14,13307.86,43.5
10/8/2023,Central,Procurement,13533,0,21538,185,12974.45,-558.55,8563.55,39.8
10/9/2023,East,Procurement,7920,0,76547,146,7142.28,-777.72,69404.72,90.7
10/10/2023,Central,Procurement,46779,1,21306,196,43152.63,-3626.37,-21846.63,-102.5
10/11/2023,Central,Procurement,31342,1,59194,61,32294.56,952.56,26899.44,45.4
10/12/2023,West,Operations,44310,0,111502,57,41650.49,-2659.51,69851.51,62.6
10/13/2023,West,HR,18380,3,32297,149,19911.13,1531.13,12385.87,38.3
10/14/2023,East,Procurement,35087,5,110887,32,33061.03,-2025.97,77825.97,70.2
10/15/2023,South,Operations,7475,0,86216,125,7435.48,-39.52,78780.52,91.4
10/16/2023,Central,Logistics,35911,0,111176,165,33172.94,-2738.06,78003.06,70.2
10/17/2023,South,IT,28171,0,57726,77,26147.22,-2023.78,31578.78,54.7
10/18/2023,South,HR,30892,2,35449,131,27821.69,-3070.31,7627.31,21.5
10/19/2023,West,Logistics,22087,2,87712,137,20999.65,-1087.35,66712.35,76.1
10/20/2023,West,Logistics,37556,0,108896,166,39519.77,1963.77,69376.23,63.7
10/21/2023,North,Operations,38613,0,36901,72,43870.74,5257.74,-6969.74,-18.9
10/22/2023,Central,Procurement,40198,14,116664,96,43417.79,3219.79,73246.21,62.8
10/23/2023,East,IT,35111,1,103104,117,34598.05,-512.95,68505.95,66.4
10/24/2023,Central,Operations,24975,5,52793,34,24881.13,-93.87,27911.87,52.9
10/25/2023,East,Logistics,36552,1,104526,69,32598.55,-3953.45,71927.45,68.8
10/26/2023,South,Logistics,17323,1,105774,84,15488.48,-1834.52,90285.52,85.4
10/27/2023,North,Procurement,27911,5,30211,136,35762.71,7851.71,-5551.71,-18.4
10/28/2023,East,Operations,6367,0,50099,93,6733.98,366.98,43365.02,86.6
10/29/2023,East,Operations,38400,0,61328,128,36265.48,-2134.52,25062.52,40.9
10/30/2023,East,IT,17765,0,109388,126,16231.09,-1533.91,93156.91,85.2
10/31/2023,West,IT,10656,1,115549,137,10591.65,-64.35,104957.35,90.8
11/1/2023,Central,IT,42778,2,47127,191,44859.47,2081.47,2267.53,4.8
11/2/2023,East,HR,34371,1,62712,22,36585.73,2214.73,26126.27,41.7
11/3/2023,South,Procurement,38282,2,96240,94,39299.34,1017.34,56940.66,59.2
11/4/2023,East,IT,28669,2,65475,122,29767.72,1098.72,35707.28,54.5
11/5/2023,South,HR,16889,3,93539,77,15398,-1491,78141,83.5
11/6/2023,North,HR,24816,3,85101,31,30018.56,5202.56,55082.44,64.7
11/7/2023,West,HR,39068,1,80142,179,37124.54,-1943.46,43017.46,53.7
11/8/2023,West,IT,11638,1,70081,67,10938.27,-699.73,59142.73,84.4
11/9/2023,Central,Operations,33482,0,98958,175,30910.79,-2571.21,68047.21,68.8
11/10/2023,Central,HR,8983,1,66218,165,8409.26,-573.74,57808.74,87.3
11/11/2023,South,Operations,5525,10,75751,133,7042.81,1517.81,68708.19,90.7
11/12/2023,East,Operations,18279,0,105947,180,17148.91,-1130.09,88798.09,83.8
11/13/2023,South,Logistics,31958,5,94707,78,30653.65,-1304.35,64053.35,67.6
11/14/2023,South,Logistics,28312,0,46990,141,29896.55,1584.55,17093.45,36.4
11/15/2023,South,Logistics,17149,0,58402,119,17634.54,485.54,40767.46,69.8
11/16/2023,Central,Logistics,5488,5,23696,158,6302.78,814.78,17393.22,73.4
11/17/2023,North,Operations,26400,1,88368,21,30052.25,3652.25,58315.75,66
11/18/2023,West,Operations,38755,0,117022,187,39326.68,571.68,77695.32,66.4
11/19/2023,South,IT,24201,0,45675,97,22942.57,-1258.43,22732.43,49.8
11/20/2023,South,Operations,44685,5,59779,127,42097.07,-2587.93,17681.93,29.6
11/21/2023,South,Procurement,21353,0,70574,52,19414.24,-1938.76,51159.76,72.5
11/22/2023,North,Logistics,36822,5,100702,185,45665.75,8843.75,55036.25,54.7
11/23/2023,East,HR,37781,1,43989,95,38498.97,717.97,5490.03,12.5
11/24/2023,West,Procurement,14768,5,43554,70,15699.36,931.36,27854.64,64
11/25/2023,North,Procurement,44882,2,40058,131,51483.12,6601.12,-11425.12,-28.5
11/26/2023,Central,Procurement,41142,2,104703,183,38993.75,-2148.25,65709.25,62.8
11/27/2023,North,HR,23544,2,115985,41,29637.37,6093.37,86347.63,74.4
11/28/2023,East,Operations,40840,5,112772,148,41372.76,532.76,71399.24,63.3
11/29/2023,East,Logistics,36463,3,104289,49,32565.87,-3897.13,71723.13,68.8
11/30/2023,South,HR,5899,7,112389,125,7583.65,1684.65,104805.35,93.3
12/1/2023,North,HR,47287,14,86732,187,55384.84,8097.84,31347.16,36.1
12/2/2023,East,HR,11471,10,83814,17,12100.69,629.69,71713.31,85.6
12/3/2023,East,HR,31630,1,21401,150,29987.18,-1642.82,-8586.18,-40.1
12/4/2023,South,Procurement,36186,7,70489,189,35572.53,-613.47,34916.47,49.5
12/5/2023,East,Procurement,36348,3,90093,47,35243.52,-1104.48,54849.48,60.9
12/6/2023,South,Procurement,44261,0,63516,51,46265.71,2004.71,17250.29,27.2
12/7/2023,South,HR,18178,3,113688,153,17783.94,-394.06,95904.06,84.4
12/8/2023,North,Operations,10051,0,39873,137,12172.56,2121.56,27700.44,69.5
12/9/2023,North,IT,44198,10,41625,39,56225.03,12027.03,-14600.03,-35.1
12/10/2023,East,Logistics,43714,5,49493,46,39629.95,-4084.05,9863.05,19.9
12/11/2023,North,Logistics,43006,7,89119,22,52718.63,9712.63,36400.37,40.8
12/12/2023,South,Logistics,10439,0,44170,124,9300.34,-1138.66,34869.66,78.9
12/13/2023,East,Logistics,31143,10,96396,138,34078.24,2935.24,62317.76,64.6
12/14/2023,Central,Operations,10693,2,71707,105,10768.61,75.61,60938.39,85
12/15/2023,Central,Operations,22347,2,109116,150,22408.02,61.02,86707.98,79.5
12/16/2023,Central,HR,33552,5,42412,23,34412.1,860.1,7999.9,18.9
12/17/2023,East,IT,15831,3,104565,137,16113.99,282.99,88451.01,84.6
12/18/2023,South,Procurement,47823,2,94671,103,44583.61,-3239.39,50087.39,52.9
12/19/2023,East,IT,30963,2,114108,102,30565.31,-397.69,83542.69,73.2
12/20/2023,East,Procurement,45390,0,98077,157,44031.48,-1358.52,54045.52,55.1
12/21/2023,West,Logistics,43467,2,22610,75,43037.14,-429.86,-20427.14,-90.3
12/22/2023,West,HR,15724,0,58870,146,14364.86,-1359.14,44505.14,75.6
12/23/2023,South,IT,42208,0,25722,147,37718.64,-4489.36,-11996.64,-46.6
12/24/2023,West,Procurement,20349,1,52245,159,21058.88,709.88,31186.12,59.7
12/25/2023,South,Logistics,39171,1,39233,34,39516.78,345.78,-283.78,-0.7
12/26/2023,East,Logistics,39503,3,82021,71,42378.86,2875.86,39642.14,48.3
12/27/2023,North,Operations,27431,5,80948,105,32202.84,4771.84,48745.16,60.2
12/28/2023,West,Procurement,44825,0,75668,165,42822.9,-2002.1,32845.1,43.4
12/29/2023,South,Procurement,32764,5,66976,191,30905.45,-1858.55,36070.55,53.9
12/30/2023,Central,Logistics,31213,1,24956,144,29143,-2070,-4187,-16.8
12/31/2023,East,IT,21163,7,55531,49,22555.73,1392.73,32975.27,59.4
1/1/2024,North,Operations,36890,5,50431,124,42486.77,5596.77,7944.23,15.8
1/2/2024,West,Logistics,34956,1,43248,74,37077.63,2121.63,6170.37,14.3
1/3/2024,East,Procurement,38723,1,107265,186,35158.11,-3564.89,72106.89,67.2
1/4/2024,North,HR,38226,1,105179,169,47042.07,8816.07,58136.93,55.3
1/5/2024,Central,IT,16130,5,105029,21,17731.95,1601.95,87297.05,83.1
1/6/2024,South,Operations,14160,0,72874,170,14258.4,98.4,58615.6,80.4
1/7/2024,North,Logistics,42384,2,113526,41,52624.4,10240.4,60901.6,53.6
1/8/2024,North,HR,16435,0,55842,22,19976.73,3541.73,35865.27,64.2
1/9/2024,South,Operations,46568,0,84619,23,46397.76,-170.24,38221.24,45.2
1/10/2024,North,HR,40585,1,21481,160,48657.68,8072.68,-27176.68,-126.5
1/11/2024,Central,Procurement,15225,5,107893,73,15474.02,249.02,92418.98,85.7
1/12/2024,North,IT,38187,0,23849,175,44825.36,6638.36,-20976.36,-88
1/13/2024,Central,Operations,43559,2,78283,61,39420.89,-4138.11,38862.11,49.6
1/14/2024,East,Logistics,48404,1,24138,176,51946.32,3542.32,-27808.32,-115.2
1/15/2024,North,Operations,28472,0,30442,90,34840.53,6368.53,-4398.53,-14.4
1/16/2024,West,Logistics,22275,2,65242,140,21880.59,-394.41,43361.41,66.5
1/17/2024,West,IT,43663,1,87468,113,42408.52,-1254.48,45059.48,51.5
1/18/2024,North,HR,10724,14,108509,57,15230.37,4506.37,93278.63,86
1/19/2024,North,Operations,15361,5,82507,106,18466.75,3105.75,64040.25,77.6
1/20/2024,West,HR,17411,0,32360,129,17969.55,558.55,14390.45,44.5
1/21/2024,North,Logistics,31806,3,48927,37,37900.05,6094.05,11026.95,22.5
1/22/2024,North,Logistics,30032,2,24117,48,34391.31,4359.31,-10274.31,-42.6
1/23/2024,East,HR,49251,0,39296,26,51790.95,2539.95,-12494.95,-31.8
1/24/2024,West,IT,31017,0,98257,35,32620.62,1603.62,65636.38,66.8
1/25/2024,East,Procurement,27804,3,96162,18,27686.52,-117.48,68475.48,71.2
1/26/2024,West,Logistics,37117,10,52920,140,40946.81,3829.81,11973.19,22.6
1/27/2024,North,Procurement,38160,5,30451,128,45450.02,7290.02,-14999.02,-49.3
1/28/2024,South,Operations,46424,10,44351,123,45198.89,-1225.11,-847.89,-1.9
1/29/2024,East,HR,30658,2,84110,184,28674.82,-1983.18,55435.18,65.9
1/30/2024,East,Logistics,49738,0,47076,66,47680.06,-2057.94,-604.06,-1.3
1/31/2024,South,HR,48408,3,82491,72,47088.8,-1319.2,35402.2,42.9
2/1/2024,West,Operations,49814,1,50908,175,50871.2,1057.2,36.8,0.1
2/2/2024,North,Logistics,49002,0,50981,186,56062.5,7060.5,-5081.5,-10
2/3/2024,Central,Procurement,14078,2,48172,15,15376.84,1298.84,32795.16,68.1
2/4/2024,West,Operations,44420,0,32297,68,45747,1327,-13450,-41.6
2/5/2024,Central,IT,33179,10,115556,176,35151.03,1972.03,80404.97,69.6
2/6/2024,West,Operations,29034,2,89906,120,30043,1009,59863,66.6
2/7/2024,West,IT,11430,14,65833,85,11600.57,170.57,54232.43,82.4
2/8/2024,Central,HR,34619,0,117562,31,34051.32,-567.68,83510.68,71
2/9/2024,East,Logistics,47324,1,75388,99,51185.61,3861.61,24202.39,32.1
2/10/2024,West,Logistics,22772,5,83232,79,25200.1,2428.1,58031.9,69.7
2/11/2024,Central,HR,42487,5,114574,81,40764.89,-1722.11,73809.11,64.4
2/12/2024,North,IT,37496,2,51845,99,42845.54,5349.54,8999.46,17.4
2/13/2024,South,HR,49311,0,22800,103,48079.21,-1231.79,-25279.21,-110.9
2/14/2024,Central,Operations,38142,0,74254,34,37463.94,-678.06,36790.06,49.5
2/15/2024,South,Procurement,48108,1,36193,48,48697.03,589.03,-12504.03,-34.5
2/16/2024,North,Procurement,46781,1,49961,37,54988.3,8207.3,-5027.3,-10.1
2/17/2024,South,Logistics,36010,7,76575,55,32926.47,-3083.53,43648.53,57
2/18/2024,South,Procurement,27168,3,61094,47,27746.96,578.96,33347.04,54.6
2/19/2024,South,HR,30709,7,27846,199,28400.3,-2308.7,-554.3,-2
2/20/2024,Central,Operations,42947,2,107728,157,40515.46,-2431.54,67212.54,62.4
2/21/2024,North,IT,19210,1,87450,177,23323.28,4113.28,64126.72,73.3
2/22/2024,North,IT,9760,7,63798,36,12492.98,2732.98,51305.02,80.4
2/23/2024,Central,Procurement,37784,1,95945,198,35912.58,-1871.42,60032.42,62.6
2/24/2024,East,IT,12629,1,107051,136,13092.69,463.69,93958.31,87.8
2/25/2024,Central,IT,11441,14,105076,96,12004.42,563.42,93071.58,88.6
2/26/2024,South,Operations,16421,14,20112,175,17740.12,1319.12,2371.88,11.8
2/27/2024,West,IT,34545,5,22745,117,33785.98,-759.02,-11040.98,-48.5
2/28/2024,South,HR,30291,0,44472,96,27992.83,-2298.17,16479.17,37.1
2/29/2024,East,Procurement,32208,0,29171,182,29140.81,-3067.19,30.19,0.1
3/1/2024,North,HR,44063,0,51131,73,53981.26,9918.26,-2850.26,-5.6
3/2/2024,East,Operations,28196,0,104388,179,27848.6,-347.4,76539.4,73.3
3/3/2024,North,IT,33138,5,110605,199,38411.8,5273.8,72193.2,65.3
3/4/2024,Central,HR,33380,0,75350,20,34604.29,1224.29,40745.71,54.1
3/5/2024,West,Operations,21035,2,25141,159,20322.79,-712.21,4818.21,19.2
3/6/2024,West,IT,15756,2,33050,93,17162.63,1406.63,15887.37,48.1
3/7/2024,North,Logistics,14847,3,92010,92,17663.37,2816.37,74346.63,80.8
3/8/2024,North,Operations,12005,0,99303,187,14703.04,2698.04,84599.96,85.2
3/9/2024,Central,Logistics,40643,0,84503,105,39857.33,-785.67,44645.67,52.8
3/10/2024,North,Logistics,29611,7,97116,161,38192.67,8581.67,58923.33,60.7
3/11/2024,East,IT,19215,7,51174,179,20262.02,1047.02,30911.98,60.4
3/12/2024,Central,Logistics,22774,1,74110,73,21394.22,-1379.78,52715.78,71.1
3/13/2024,West,IT,24169,7,78002,135,25065.35,896.35,52936.65,67.9
3/14/2024,Central,Procurement,17330,0,21988,146,16921.07,-408.93,5066.93,23
3/15/2024,South,Logistics,44575,0,85458,30,47798.22,3223.22,37659.78,44.1
3/16/2024,West,IT,16083,0,59121,145,15340.4,-742.6,43780.6,74.1
3/17/2024,East,Logistics,33861,2,114876,118,34207.09,346.09,80668.91,70.2
3/18/2024,South,Procurement,19135,0,67153,191,18591.68,-543.32,48561.32,72.3
3/19/2024,West,Procurement,30923,3,40313,119,32545.67,1622.67,7767.33,19.3
3/20/2024,West,Procurement,33404,0,116566,101,30199.64,-3204.36,86366.36,74.1
3/21/2024,South,Procurement,31523,5,81844,134,34771.69,3248.69,47072.31,57.5
3/22/2024,West,Logistics,37975,3,35193,55,35373.74,-2601.26,-180.74,-0.5
3/23/2024,East,IT,45901,2,105663,71,43608.92,-2292.08,62054.08,58.7
3/24/2024,West,IT,46235,7,48001,145,45209.24,-1025.76,2791.76,5.8
3/25/2024,South,Logistics,11704,10,52934,49,13488.2,1784.2,39445.8,74.5
3/26/2024,North,Procurement,48753,5,51312,153,58104.46,9351.46,-6792.46,-13.2
3/27/2024,South,Procurement,28253,1,105160,175,30334.92,2081.92,74825.08,71.2
3/28/2024,Central,HR,43675,0,51802,19,40528.83,-3146.17,11273.17,21.8
3/29/2024,Central,IT,11012,7,67068,123,10897.76,-114.24,56170.24,83.8
3/30/2024,West,IT,32065,0,102409,21,30892.47,-1172.53,71516.53,69.8
3/31/2024,South,Logistics,46991,14,54397,167,43046.01,-3944.99,11350.99,20.9
4/1/2024,Central,IT,46688,0,105896,36,43595.36,-3092.64,62300.64,58.8
4/2/2024,North,Procurement,16556,1,67857,198,18812.14,2256.14,49044.86,72.3
4/3/2024,West,Operations,38453,10,96709,67,41698.64,3245.64,55010.36,56.9
4/4/2024,North,Operations,14503,2,27352,26,17554.41,3051.41,9797.59,35.8
4/5/2024,East,IT,21052,1,96872,22,22570.84,1518.84,74301.16,76.7
4/6/2024,South,Logistics,31724,2,32625,189,32482.89,758.89,142.11,0.4
4/7/2024,North,Logistics,42873,0,75841,122,48303.65,5430.65,27537.35,36.3
4/8/2024,North,Procurement,21920,2,75633,98,26472.24,4552.24,49160.76,65
4/9/2024,West,Logistics,34052,0,43091,74,30683.59,-3368.41,12407.41,28.8
4/10/2024,South,IT,12052,0,23832,83,12801.22,749.22,11030.78,46.3
4/11/2024,East,HR,35841,1,87173,197,36074.17,233.17,51098.83,58.6
4/12/2024,South,Operations,24614,7,118932,165,22832.71,-1781.29,96099.29,80.8
4/13/2024,East,Procurement,35137,3,73312,128,32664.95,-2472.05,40647.05,55.4
4/14/2024,Central,IT,35682,2,76408,113,35387.63,-294.37,41020.37,53.7
4/15/2024,East,Operations,5661,10,112268,188,7071.84,1410.84,105196.16,93.7
4/16/2024,South,HR,47080,0,63764,22,41980.84,-5099.16,21783.16,34.2
4/17/2024,North,IT,37371,1,74330,159,45019.32,7648.32,29310.68,39.4
4/18/2024,North,IT,8249,2,28711,53,10135.46,1886.46,18575.54,64.7
4/19/2024,West,Operations,26991,1,67195,124,29233.49,2242.49,37961.51,56.5
4/20/2024,East,Procurement,39964,5,113809,148,37226.75,-2737.25,76582.25,67.3
4/21/2024,North,Logistics,16280,2,27610,53,18801.83,2521.83,8808.17,31.9
4/22/2024,West,HR,12227,1,109272,142,12116.93,-110.07,97155.07,88.9
4/23/2024,South,Operations,6177,0,22179,185,6393.48,216.48,15785.52,71.2
4/24/2024,North,HR,33625,14,39710,25,41268.49,7643.49,-1558.49,-3.9
4/25/2024,South,HR,25421,0,38624,169,27301.23,1880.23,11322.77,29.3
4/26/2024,South,Operations,21405,1,39611,54,20275.73,-1129.27,19335.27,48.8
4/27/2024,Central,Procurement,13258,0,57125,16,11983.59,-1274.41,45141.41,79
4/28/2024,West,Logistics,9648,0,85344,82,10089.32,441.32,75254.68,88.2
4/29/2024,North,HR,30538,0,32855,65,35613.63,5075.63,-2758.63,-8.4
4/30/2024,North,Procurement,32042,2,50881,151,39039.11,6997.11,11841.89,23.3
5/1/2024,West,Procurement,25022,0,37908,173,24047.77,-974.23,13860.23,36.6
5/2/2024,West,IT,7852,1,23273,102,7639.39,-212.61,15633.61,67.2
5/3/2024,Central,Procurement,16138,10,101486,192,18823.32,2685.32,82662.68,81.5
5/4/2024,North,IT,24877,1,64816,22,29766.63,4889.63,35049.37,54.1
5/5/2024,East,Logistics,11154,0,103692,149,11091.81,-62.19,92600.19,89.3
5/6/2024,Central,HR,9583,10,74122,128,10291.85,708.85,63830.15,86.1
5/7/2024,East,Procurement,28253,0,41281,64,25720.08,-2532.92,15560.92,37.7
5/8/2024,North,HR,40941,1,39149,22,47432.95,6491.95,-8283.95,-21.2
5/9/2024,North,Operations,14108,14,84789,134,17782.88,3674.88,67006.12,79
5/10/2024,East,Logistics,18669,5,38020,179,20448.58,1779.58,17571.42,46.2
5/11/2024,West,Operations,33141,7,87054,90,30430.6,-2710.4,56623.4,65
5/12/2024,West,IT,39958,1,107440,79,40819.77,861.77,66620.23,62
5/13/2024,South,HR,44040,0,113863,154,42671,-1369,71192,62.5
5/14/2024,South,Operations,9255,0,104040,153,9344.71,89.71,94695.29,91
5/15/2024,East,IT,26592,0,105744,70,24052.45,-2539.55,81691.55,77.3
5/16/2024,West,Operations,24508,1,103596,11,23500.9,-1007.1,80095.1,77.3
5/17/2024,Central,Procurement,33411,5,80686,118,36473.36,3062.36,44212.64,54.8
5/18/2024,Central,Operations,29837,7,37266,69,29549.45,-287.55,7716.55,20.7
5/19/2024,East,Operations,37125,3,40025,95,34611.71,-2513.29,5413.29,13.5
5/20/2024,West,Procurement,38535,7,38689,175,36892.15,-1642.85,1796.85,4.6
5/21/2024,East,Operations,16561,5,117618,169,17964.15,1403.15,99653.85,84.7
5/22/2024,South,Procurement,8040,0,48884,92,7772.58,-267.42,41111.42,84.1
5/23/2024,South,Operations,43278,0,53458,164,38679.75,-4598.25,14778.25,27.6
5/24/2024,Central,HR,49936,10,117718,98,46089.37,-3846.63,71628.63,60.8
5/25/2024,Central,Logistics,30227,1,25668,58,29492.01,-734.99,-3824.01,-14.9
5/26/2024,North,Procurement,37376,5,90533,29,46948.45,9572.45,43584.55,48.1
5/27/2024,North,Operations,31911,3,40093,156,40325.55,8414.55,-232.55,-0.6
5/28/2024,North,Logistics,26927,7,96721,24,31783.63,4856.63,64937.37,67.1
5/29/2024,Central,HR,41378,0,104995,192,37321.82,-4056.18,67673.18,64.5
5/30/2024,East,Logistics,20282,0,72428,70,21103,821,51325,70.9
5/31/2024,Central,HR,30592,2,105091,126,30553.44,-38.56,74537.56,70.9
6/1/2024,North,HR,32420,5,25451,100,41201.48,8781.48,-15750.48,-61.9
6/2/2024,East,IT,12761,5,86641,190,14211.57,1450.57,72429.43,83.6
6/3/2024,East,Operations,31616,0,36241,92,33426.84,1810.84,2814.16,7.8
6/4/2024,South,HR,33671,3,74318,22,32295.48,-1375.52,42022.52,56.5
6/5/2024,South,Logistics,36585,10,44968,35,38850.9,2265.9,6117.1,13.6
6/6/2024,North,Procurement,46974,7,47691,45,53567.23,6593.23,-5876.23,-12.3
6/7/2024,Central,Operations,21393,7,71001,148,19707.55,-1685.45,51293.45,72.2
6/8/2024,East,Logistics,11548,7,113027,102,11515.87,-32.13,101511.13,89.8
6/9/2024,North,IT,38320,3,102594,179,46347.92,8027.92,56246.08,54.8
6/10/2024,West,HR,34781,0,36923,162,31802.56,-2978.44,5120.44,13.9
6/11/2024,East,HR,24576,7,97227,75,25641.98,1065.98,71585.02,73.6
6/12/2024,Central,Operations,8726,3,29256,10,8872.3,146.3,20383.7,69.7
6/13/2024,Central,HR,40488,3,82261,55,37635.16,-2852.84,44625.84,54.2
6/14/2024,East,HR,19437,5,66002,185,19616.27,179.27,46385.73,70.3
6/15/2024,South,Operations,9431,7,65026,158,9349.12,-81.88,55676.88,85.6
6/16/2024,Central,IT,49965,0,94218,165,48574.96,-1390.04,45643.04,48.4
6/17/2024,Central,IT,34009,0,54773,92,35438.47,1429.47,19334.53,35.3
6/18/2024,West,Logistics,8389,1,74131,66,8347.46,-41.54,65783.54,88.7
6/19/2024,North,Procurement,5207,2,53919,29,6440.37,1233.37,47478.63,88.1
6/20/2024,Central,Logistics,9895,5,20389,24,11311.44,1416.44,9077.56,44.5
6/21/2024,West,Operations,40046,0,38990,178,38147.68,-1898.32,842.32,2.2
6/22/2024,North,IT,37007,1,20174,172,43840.43,6833.43,-23666.43,-117.3
6/23/2024,South,IT,49298,0,69812,143,43774.76,-5523.24,26037.24,37.3
6/24/2024,Central,Operations,12758,2,75276,199,13699.36,941.36,61576.64,81.8
6/25/2024,Central,Operations,46621,14,30014,159,51309.18,4688.18,-21295.18,-71
6/26/2024,East,IT,39447,0,70445,166,42051.81,2604.81,28393.19,40.3
6/27/2024,North,Logistics,46986,0,100070,86,55135.95,8149.95,44934.05,44.9
6/28/2024,North,Logistics,26627,5,100578,167,32498.55,5871.55,68079.45,67.7
6/29/2024,North,Logistics,15326,0,91354,167,17299.08,1973.08,74054.92,81.1
6/30/2024,Central,Procurement,15749,5,70931,26,14919.15,-829.85,56011.85,79
7/1/2024,West,IT,30519,14,114319,100,29763.7,-755.3,84555.3,74
7/2/2024,South,Operations,21456,7,109285,52,22788.36,1332.36,86496.64,79.1
7/3/2024,Central,IT,12848,7,73574,175,14451.96,1603.96,59122.04,80.4
7/4/2024,Central,IT,19716,0,23765,66,19076.81,-639.19,4688.19,19.7
7/5/2024,North,Procurement,39566,5,77727,192,48225.35,8659.35,29501.65,38
7/6/2024,North,IT,40196,1,62291,196,47530.31,7334.31,14760.69,23.7
7/7/2024,North,Logistics,40153,5,101132,54,50721.48,10568.48,50410.52,49.8
7/8/2024,West,Logistics,5968,3,93402,84,6204.01,236.01,87197.99,93.4
7/9/2024,South,Logistics,33082,7,80030,191,35827.74,2745.74,44202.26,55.2
7/10/2024,Central,IT,43908,7,35438,196,41773.06,-2134.94,-6335.06,-17.9
7/11/2024,South,Logistics,41875,0,106610,22,39596.03,-2278.97,67013.97,62.9
7/12/2024,North,Procurement,44891,0,24173,51,55518.12,10627.12,-31345.12,-129.7
7/13/2024,South,IT,44062,1,56191,18,42815.09,-1246.91,13375.91,23.8
7/14/2024,South,HR,22153,10,93233,72,20764.13,-1388.87,72468.87,77.7
7/15/2024,Central,HR,15142,5,21014,149,16157.67,1015.67,4856.33,23.1
7/16/2024,South,Logistics,47600,1,90843,174,50982.29,3382.29,39860.71,43.9
7/17/2024,South,HR,35784,3,85618,136,33032.49,-2751.51,52585.51,61.4
7/18/2024,Central,HR,15759,2,49061,199,15903.71,144.71,33157.29,67.6
7/19/2024,South,Procurement,21531,0,34924,107,20914.73,-616.27,14009.27,40.1
7/20/2024,Central,Logistics,31189,0,83610,111,29521.82,-1667.18,54088.18,64.7
7/21/2024,Central,Procurement,20222,2,115742,141,19533.11,-688.89,96208.89,83.1
7/22/2024,West,Logistics,23311,1,60992,37,21549.02,-1761.98,39442.98,64.7
7/23/2024,West,IT,5619,10,32867,192,7036.35,1417.35,25830.65,78.6
7/24/2024,West,Operations,48201,3,24213,115,51912.74,3711.74,-27699.74,-114.4
7/25/2024,East,IT,8713,5,53276,167,9941.33,1228.33,43334.67,81.3
7/26/2024,West,IT,36982,1,31442,45,38162.45,1180.45,-6720.45,-21.4
7/27/2024,Central,IT,30121,0,70516,67,28209.92,-1911.08,42306.08,60
7/28/2024,East,HR,29817,0,97219,141,30720,903,66499,68.4
7/29/2024,East,Logistics,42574,5,111328,31,39732.7,-2841.3,71595.3,64.3
7/30/2024,Central,IT,31928,3,44272,132,29702.59,-2225.41,14569.41,32.9
7/31/2024,North,Operations,15837,1,68442,85,18296.27,2459.27,50145.73,73.3
8/1/2024,West,Procurement,37857,1,75860,89,40168.3,2311.3,35691.7,47
8/2/2024,East,Operations,34984,7,106741,108,32549.42,-2434.58,74191.58,69.5
8/3/2024,South,HR,48461,5,27812,191,44447.51,-4013.49,-16635.51,-59.8
8/4/2024,North,HR,34328,0,44618,186,39573.34,5245.34,5044.66,11.3
8/5/2024,North,Logistics,11099,0,86652,182,13053.19,1954.19,73598.81,84.9
8/6/2024,Central,Logistics,41041,10,27214,178,45136.32,4095.32,-17922.32,-65.9
8/7/2024,Central,Operations,49633,0,43816,99,46954.37,-2678.63,-3138.37,-7.2
8/8/2024,North,Procurement,18673,3,97787,158,22856.12,4183.12,74930.88,76.6
8/9/2024,South,Procurement,23309,0,48328,68,22902.84,-406.16,25425.16,52.6
8/10/2024,Central,HR,13286,0,46049,181,13224.37,-61.63,32824.63,71.3
8/11/2024,South,Operations,10772,1,108278,193,9709.34,-1062.66,98568.66,91
8/12/2024,North,Operations,7113,2,25939,156,8361.15,1248.15,17577.85,67.8
8/13/2024,North,HR,47891,2,54675,26,55916.36,8025.36,-1241.36,-2.3
8/14/2024,Central,Procurement,47229,0,58458,112,43944.83,-3284.17,14513.17,24.8
8/15/2024,North,HR,30000,10,82956,11,37213.78,7213.78,45742.22,55.1
8/16/2024,North,IT,5302,7,24967,66,7229.31,1927.31,17737.69,71
8/17/2024,West,IT,9780,5,49336,171,10053.12,273.12,39282.88,79.6
8/18/2024,South,IT,31015,0,51881,14,32859.68,1844.68,19021.32,36.7
8/19/2024,Central,Logistics,41679,10,71813,85,39555.49,-2123.51,32257.51,44.9
8/20/2024,Central,HR,38893,1,53872,186,36270.77,-2622.23,17601.23,32.7
8/21/2024,North,Logistics,49843,3,54998,46,59925.34,10082.34,-4927.34,-9
8/22/2024,South,IT,39084,2,50106,84,37313.28,-1770.72,12792.72,25.5
8/23/2024,East,HR,44279,2,63803,104,43362.66,-916.34,20440.34,32
8/24/2024,West,Operations,44905,0,42931,31,44703.94,-201.06,-1772.94,-4.1
8/25/2024,West,Procurement,49139,2,69976,28,46428.09,-2710.91,23547.91,33.7
8/26/2024,East,Procurement,31155,2,112492,12,30218.99,-936.01,82273.01,73.1
8/27/2024,South,Operations,31289,1,56021,167,33010.93,1721.93,23010.07,41.1
8/28/2024,North,IT,31116,1,47962,117,37888.05,6772.05,10073.95,21
8/29/2024,West,Procurement,13984,0,101938,161,14455.95,471.95,87482.05,85.8
8/30/2024,Central,Operations,28291,5,88136,99,26150.26,-2140.74,61985.74,70.3
8/31/2024,East,IT,13946,14,40936,199,16242.29,2296.29,24693.71,60.3
9/1/2024,North,Procurement,41618,1,85303,27,47231.9,5613.9,38071.1,44.6
9/2/2024,North,IT,13783,2,105140,97,16633.9,2850.9,88506.1,84.2
9/3/2024,South,Operations,15106,2,111118,157,15120.99,14.99,95997.01,86.4
9/4/2024,Central,HR,29345,3,39874,152,30579.29,1234.29,9294.71,23.3
9/5/2024,North,Logistics,33144,0,98532,129,37794.31,4650.31,60737.69,61.6
9/6/2024,West,Operations,42643,1,33652,195,45876.23,3233.23,-12224.23,-36.3
9/7/2024,North,Procurement,17588,10,67118,190,23224.83,5636.83,43893.17,65.4
9/8/2024,North,Logistics,8083,7,90482,21,11117.44,3034.44,79364.56,87.7
9/9/2024,North,Operations,35158,1,108229,192,40747.68,5589.68,67481.32,62.4
9/10/2024,North,IT,29226,0,30808,20,34221.5,4995.5,-3413.5,-11.1
9/11/2024,East,Logistics,32605,2,62137,41,29933.37,-2671.63,32203.63,51.8
9/12/2024,Central,Logistics,21959,0,58405,58,23639.92,1680.92,34765.08,59.5
9/13/2024,South,Procurement,46125,14,47747,78,48766.18,2641.18,-1019.18,-2.1
9/14/2024,West,Procurement,13905,7,74336,41,13719.83,-185.17,60616.17,81.5
9/15/2024,West,Operations,18828,2,52088,47,20224.79,1396.79,31863.21,61.2
9/16/2024,South,Procurement,28486,0,100437,180,27824.33,-661.67,72612.67,72.3
9/17/2024,West,IT,20504,0,44532,17,19006.2,-1497.8,25525.8,57.3
9/18/2024,South,IT,31987,0,80315,152,32215.04,228.04,48099.96,59.9
9/19/2024,West,Procurement,8292,2,54510,169,8005.74,-286.26,46504.26,85.3
9/20/2024,North,Operations,19025,3,73554,42,23115.69,4090.69,50438.31,68.6
9/21/2024,North,Operations,18598,10,105867,90,24157,5559,81710,77.2
9/22/2024,North,Logistics,14715,5,33794,46,18383.61,3668.61,15410.39,45.6
9/23/2024,North,HR,41336,0,113935,76,49375.67,8039.67,64559.33,56.7
9/24/2024,Central,IT,44922,7,42625,181,44998.84,76.84,-2373.84,-5.6
9/25/2024,West,Logistics,39406,10,114803,63,39839.06,433.06,74963.94,65.3
9/26/2024,East,Logistics,34344,0,35088,13,36686.21,2342.21,-1598.21,-4.6
9/27/2024,Central,Operations,37981,0,116035,162,35750.87,-2230.13,80284.13,69.2
9/28/2024,East,IT,42685,5,66220,154,39085.32,-3599.68,27134.68,41
9/29/2024,South,HR,23333,0,93016,119,23654.42,321.42,69361.58,74.6
9/30/2024,Central,HR,37779,3,94601,29,38273.46,494.46,56327.54,59.5
10/1/2024,Central,IT,19818,14,49084,81,21676.48,1858.48,27407.52,55.8
10/2/2024,North,HR,40923,1,110270,117,46918.36,5995.36,63351.64,57.5
10/3/2024,East,Procurement,5661,1,70124,81,5165.18,-495.82,64958.82,92.6
10/4/2024,West,IT,27420,0,104021,173,25252.74,-2167.26,78768.26,75.7
10/5/2024,West,Procurement,30426,3,71313,128,31848.76,1422.76,39464.24,55.3
10/6/2024,South,Operations,27861,0,98915,153,28531.8,670.8,70383.2,71.2
10/7/2024,South,Logistics,36174,0,75561,147,33345.9,-2828.1,42215.1,55.9
10/8/2024,West,Logistics,36182,5,38257,160,34496.91,-1685.09,3760.09,9.8
10/9/2024,South,HR,28561,0,21134,105,26846.94,-1714.06,-5712.94,-27
10/10/2024,North,IT,26675,0,110453,68,31610.84,4935.84,78842.16,71.4
10/11/2024,East,Logistics,41914,3,34270,95,42370.65,456.65,-8100.65,-23.6
10/12/2024,East,Operations,39707,3,45851,141,43366.08,3659.08,2484.92,5.4
10/13/2024,North,IT,25609,1,43620,105,31282.12,5673.12,12337.88,28.3
10/14/2024,South,IT,9599,5,95451,89,10401.07,802.07,85049.93,89.1
10/15/2024,East,Procurement,9358,2,108499,29,9508.21,150.21,98990.79,91.2
10/16/2024,North,Logistics,28177,10,82912,98,35611.93,7434.93,47300.07,57
10/17/2024,Central,Logistics,38662,0,31950,113,39944.49,1282.49,-7994.49,-25
10/18/2024,Central,IT,24342,1,80614,26,21796.84,-2545.16,58817.16,73
10/19/2024,North,IT,47468,2,56963,140,54758.89,7290.89,2204.11,3.9
10/20/2024,South,Operations,35811,2,67591,64,35611.86,-199.14,31979.14,47.3
10/21/2024,South,HR,28499,2,87293,88,28259.52,-239.48,59033.48,67.6
10/22/2024,West,Procurement,48596,3,36964,34,49177.41,581.41,-12213.41,-33
10/23/2024,North,IT,32413,0,51707,186,37516.88,5103.88,14190.12,27.4
10/24/2024,East,Procurement,32490,3,97240,180,33579.24,1089.24,63660.76,65.5
10/25/2024,East,Procurement,7461,5,27296,173,7687.55,226.55,19608.45,71.8
10/26/2024,East,Logistics,20398,0,75745,48,22006.71,1608.71,53738.29,70.9
10/27/2024,East,Procurement,16207,3,79979,119,17806,1599,62173,77.7
10/28/2024,West,HR,29826,7,81610,174,31985.44,2159.44,49624.56,60.8
10/29/2024,Central,Logistics,31589,5,72389,56,34068.3,2479.3,38320.7,52.9
10/30/2024,East,Operations,12843,1,27263,117,13970.36,1127.36,13292.64,48.8
10/31/2024,East,Operations,29981,0,105988,48,29730.19,-250.81,76257.81,71.9
11/1/2024,East,Operations,25939,0,47045,140,24229.93,-1709.07,22815.07,48.5
11/2/2024,East,Logistics,44338,7,40954,22,41595.28,-2742.72,-641.28,-1.6
11/3/2024,West,Logistics,36401,2,33156,64,37648.7,1247.7,-4492.7,-13.6
11/4/2024,North,Logistics,47267,0,63527,91,55268.13,8001.13,8258.87,13
11/5/2024,West,Operations,8191,0,24017,25,8446.87,255.87,15570.13,64.8
11/6/2024,North,Procurement,38328,1,66289,110,45262.98,6934.98,21026.02,31.7
11/7/2024,West,Procurement,6667,5,65740,109,8075.45,1408.45,57664.55,87.7
11/8/2024,Central,Procurement,17686,1,39552,128,17407.68,-278.32,22144.32,56
11/9/2024,East,IT,14956,0,82260,140,13551.19,-1404.81,68708.81,83.5
11/10/2024,North,Operations,45761,1,62051,178,54409.77,8648.77,7641.23,12.3
11/11/2024,East,Procurement,9795,14,93903,29,12023.07,2228.07,81879.93,87.2
11/12/2024,Central,IT,25131,7,58506,97,27371.24,2240.24,31134.76,53.2
11/13/2024,South,IT,43067,3,36835,119,45419.76,2352.76,-8584.76,-23.3
11/14/2024,West,Operations,12967,1,45991,177,11842.35,-1124.65,34148.65,74.3
11/15/2024,Central,Operations,41035,1,84887,103,39819.88,-1215.12,45067.12,53.1
11/16/2024,Central,Procurement,39317,10,99832,108,44218.73,4901.73,55613.27,55.7
11/17/2024,Central,Operations,17504,0,103961,63,16604.39,-899.61,87356.61,84
11/18/2024,South,IT,29022,0,80272,136,28664.23,-357.77,51607.77,64.3
11/19/2024,Central,Logistics,28279,2,116762,38,27382.91,-896.09,89379.09,76.5
11/20/2024,South,Logistics,20563,0,28811,88,19831.75,-731.25,8979.25,31.2
11/21/2024,East,Operations,31966,0,102534,172,30270.45,-1695.55,72263.55,70.5
11/22/2024,East,Operations,25677,0,83761,58,26407.73,730.73,57353.27,68.5
11/23/2024,East,Procurement,5105,3,81997,146,5777.61,672.61,76219.39,93
11/24/2024,East,HR,42174,0,39477,65,42665.81,491.81,-3188.81,-8.1
11/25/2024,South,IT,47685,1,47798,145,43916.74,-3768.26,3881.26,8.1
11/26/2024,West,Operations,12151,0,39991,186,11832.74,-318.26,28158.26,70.4
11/27/2024,West,Logistics,41935,3,40808,118,42083.52,148.52,-1275.52,-3.1
11/28/2024,South,HR,22014,0,77615,152,22116.19,102.19,55498.81,71.5
11/29/2024,West,Procurement,36823,0,101882,197,36643.78,-179.22,65238.22,64
11/30/2024,East,HR,11910,1,63427,124,11832.48,-77.52,51594.52,81.3
12/1/2024,West,IT,39964,0,45500,113,38787.66,-1176.34,6712.34,14.8
12/2/2024,East,HR,44851,1,106346,62,39643.12,-5207.88,66702.88,62.7
12/3/2024,North,Logistics,40479,1,25283,10,50655.21,10176.21,-25372.21,-100.4
12/4/2024,South,Procurement,13927,0,83043,69,12689.65,-1237.35,70353.35,84.7
12/5/2024,Central,IT,5671,0,22093,136,5402.65,-268.35,16690.35,75.5
12/6/2024,Central,Operations,33706,10,24426,28,36741.88,3035.88,-12315.88,-50.4
12/7/2024,Central,Procurement,31035,1,49943,120,30096.68,-938.32,19846.32,39.7
12/8/2024,North,IT,47240,0,51433,15,57069.08,9829.08,-5636.08,-11
12/9/2024,Central,Logistics,15754,1,46400,103,16297.54,543.54,30102.46,64.9
12/10/2024,West,Logistics,33982,7,70719,119,35018.51,1036.51,35700.49,50.5
12/11/2024,North,Logistics,36116,1,83811,141,43901.71,7785.71,39909.29,47.6
12/12/2024,Central,Logistics,32286,1,48230,91,30558.46,-1727.54,17671.54,36.6
12/13/2024,East,Logistics,13429,14,66163,74,13838.2,409.2,52324.8,79.1
12/14/2024,South,Procurement,11116,2,113418,54,10939.49,-176.51,102478.51,90.4
12/15/2024,West,Logistics,26636,2,28275,149,24653.75,-1982.25,3621.25,12.8
12/16/2024,North,IT,42412,0,72870,116,48750.38,6338.38,24119.62,33.1
12/17/2024,North,Procurement,34300,0,98513,138,42171.22,7871.22,56341.78,57.2
12/18/2024,West,HR,6382,14,50109,81,7895.88,1513.88,42213.12,84.2
12/19/2024,North,Operations,36910,3,106511,96,41902.9,4992.9,64608.1,60.7
12/20/2024,East,IT,17201,1,75835,16,17651.08,450.08,58183.92,76.7
12/21/2024,North,HR,30849,2,78585,137,36104.67,5255.67,42480.33,54.1
12/22/2024,North,Logistics,14127,2,94083,64,16225.45,2098.45,77857.55,82.8
12/23/2024,Central,Procurement,31715,5,22642,15,31744.36,29.36,-9102.36,-40.2
12/24/2024,West,Procurement,13601,3,63791,154,14429.69,828.69,49361.31,77.4
12/25/2024,North,HR,43138,14,34122,121,53860.63,10722.63,-19738.63,-57.8
12/26/2024,West,Operations,42211,0,99747,187,43275.43,1064.43,56471.57,56.6
12/27/2024,Central,IT,47668,7,95715,60,45165.66,-2502.34,50549.34,52.8
12/28/2024,East,Operations,47913,2,99650,197,48344.52,431.52,51305.48,51.5
12/29/2024,South,Procurement,45363,0,38793,68,43474.18,-1888.82,-4681.18,-12.1
12/30/2024,West,IT,44256,0,91291,57,41155.82,-3100.18,50135.18,54.9
12/31/2024,South,Operations,5125,5,44820,182,5413.1,288.1,39406.9,87.9
1/1/2025,West,IT,25103,0,38919,73,24276.59,-826.41,14642.41,37.6
1/2/2025,South,Logistics,31526,0,96361,153,33115.22,1589.22,63245.78,65.6
1/3/2025,Central,HR,36890,2,101050,89,34941.22,-1948.78,66108.78,65.4
1/4/2025,North,Operations,28616,2,106120,174,35465.36,6849.36,70654.64,66.6
1/5/2025,Central,Operations,10495,0,42318,142,10357.64,-137.36,31960.36,75.5
1/6/2025,North,Procurement,48320,0,57853,66,57512.33,9192.33,340.67,0.6
1/7/2025,South,Logistics,28384,2,116117,68,28431.63,47.63,87685.37,75.5
1/8/2025,North,HR,8814,0,56081,127,10819.62,2005.62,45261.38,80.7
1/9/2025,West,Procurement,28711,2,28712,187,29818.26,1107.26,-1106.26,-3.9
1/10/2025,Central,Logistics,35874,5,94816,194,34553.2,-1320.8,60262.8,63.6
1/11/2025,South,Logistics,11090,1,38199,44,11508.9,418.9,26690.1,69.9
1/12/2025,West,Procurement,40732,2,110239,18,39814.1,-917.9,70424.9,63.9
1/13/2025,Central,Logistics,32723,1,54681,72,32445.99,-277.01,22235.01,40.7
1/14/2025,Central,IT,18760,1,55063,182,19228.97,468.97,35834.03,65.1
1/15/2025,East,Logistics,28164,1,31156,165,28900.55,736.55,2255.45,7.2
1/16/2025,West,Procurement,28116,0,46672,186,29233.08,1117.08,17438.92,37.4
1/17/2025,Central,Procurement,38548,0,44417,113,34667.72,-3880.28,9749.28,21.9
1/18/2025,West,Operations,13125,7,60695,32,12652.14,-472.86,48042.86,79.2
1/19/2025,North,Logistics,47759,2,97960,71,57338.29,9579.29,40621.71,41.5
1/20/2025,North,Logistics,38120,2,67832,184,44639.06,6519.06,23192.94,34.2
1/21/2025,North,Operations,10435,2,44335,173,13169.73,2734.73,31165.27,70.3
1/22/2025,East,IT,10542,3,98854,40,10567.22,25.22,88286.78,89.3
1/23/2025,Central,HR,45461,2,36523,139,45958.07,497.07,-9435.07,-25.8
1/24/2025,South,Operations,44004,2,108839,83,41663.31,-2340.69,67175.69,61.7
1/25/2025,East,HR,18605,3,28199,80,19646.98,1041.98,8552.02,30.3
1/26/2025,West,Procurement,13636,2,108454,57,14904.9,1268.9,93549.1,86.3
1/27/2025,East,Procurement,18395,3,30578,147,19017.43,622.43,11560.57,37.8
1/28/2025,West,Operations,46899,3,108330,35,46800.51,-98.49,61529.49,56.8
1/29/2025,North,HR,20422,1,65800,165,24633.77,4211.77,41166.23,62.6
1/30/2025,East,Operations,26804,0,77505,197,24556.67,-2247.33,52948.33,68.3
1/31/2025,East,Operations,42946,1,50873,168,38469.16,-4476.84,12403.84,24.4
2/1/2025,West,Procurement,47641,2,27415,134,48814.01,1173.01,-21399.01,-78.1
2/2/2025,West,Logistics,33763,0,118505,152,36236.3,2473.3,82268.7,69.4
2/3/2025,West,Logistics,41221,0,22204,185,41597.97,376.97,-19393.97,-87.3
2/4/2025,South,IT,17040,0,119003,113,15142.09,-1897.91,103860.91,87.3
2/5/2025,South,Procurement,30537,2,96057,196,33053.45,2516.45,63003.55,65.6
2/6/2025,Central,IT,49857,3,117088,24,54095.67,4238.67,62992.33,53.8
2/7/2025,West,Logistics,47828,1,32112,66,46335.1,-1492.9,-14223.1,-44.3
2/8/2025,North,IT,44896,10,112247,124,55004.35,10108.35,57242.65,51
2/9/2025,West,HR,47422,0,110421,74,49778.61,2356.61,60642.39,54.9
2/10/2025,Central,Operations,23880,3,89267,148,22256.43,-1623.57,67010.57,75.1
2/11/2025,South,HR,15382,0,63526,37,14603.68,-778.32,48922.32,77
2/12/2025,East,Procurement,22826,1,106328,147,21431.35,-1394.65,84896.65,79.8
2/13/2025,West,IT,37916,1,102912,111,36397.15,-1518.85,66514.85,64.6
2/14/2025,North,Logistics,42846,0,110265,196,50437.51,7591.51,59827.49,54.3
2/15/2025,North,IT,40984,7,31033,166,46693.66,5709.66,-15660.66,-50.5
2/16/2025,East,Operations,27015,0,118934,26,27835.31,820.31,91098.69,76.6
2/17/2025,East,Procurement,25281,5,115667,91,24010.52,-1270.48,91656.48,79.2
2/18/2025,Central,Logistics,23792,2,52298,65,23789.17,-2.83,28508.83,54.5
2/19/2025,Central,HR,34259,1,63463,139,31989.75,-2269.25,31473.25,49.6
2/20/2025,North,Operations,10448,3,114426,150,12279.61,1831.61,102146.39,89.3
2/21/2025,East,Logistics,16824,0,105178,143,16392.05,-431.95,88785.95,84.4
2/22/2025,North,Procurement,29363,5,26155,127,35512.63,6149.63,-9357.63,-35.8
2/23/2025,West,Procurement,21173,1,33869,104,20114.84,-1058.16,13754.16,40.6
2/24/2025,North,Procurement,38004,2,57564,20,44679.85,6675.85,12884.15,22.4
2/25/2025,North,Procurement,25049,2,66607,152,29452.96,4403.96,37154.04,55.8
2/26/2025,South,IT,20313,2,23866,103,20901.41,588.41,2964.59,12.4
2/27/2025,West,IT,36238,1,60387,71,32375.42,-3862.58,28011.58,46.4
2/28/2025,South,Logistics,21014,0,67135,183,18707.77,-2306.23,48427.23,72.1
3/1/2025,Central,HR,21001,1,116063,125,22505.24,1504.24,93557.76,80.6
3/2/2025,East,Operations,39054,3,57544,136,35918.25,-3135.75,21625.75,37.6
3/3/2025,South,IT,26932,1,36199,13,28836.11,1904.11,7362.89,20.3
3/4/2025,West,IT,40144,0,106664,177,36363.01,-3780.99,70300.99,65.9
3/5/2025,South,Operations,34734,7,52252,180,32576.1,-2157.9,19675.9,37.7
3/6/2025,Central,Operations,6560,2,50116,169,6482.34,-77.66,43633.66,87.1
3/7/2025,North,Logistics,30003,0,40132,118,36844.39,6841.39,3287.61,8.2
3/8/2025,South,HR,9940,2,78671,170,9847.26,-92.74,68823.74,87.5
3/9/2025,West,IT,48006,1,67562,178,51639.24,3633.24,15922.76,23.6
3/10/2025,North,HR,14852,2,55517,164,18644.02,3792.02,36872.98,66.4
